--
-- PostgreSQL database dump
--

-- Dumped from database version 14.9 (Homebrew)
-- Dumped by pg_dump version 14.9 (Homebrew)

SET statement_timeout = 0;
SET lock_timeout = 0;
SET idle_in_transaction_session_timeout = 0;
SET client_encoding = 'UTF8';
SET standard_conforming_strings = on;
SELECT pg_catalog.set_config('search_path', '', false);
SET check_function_bodies = false;
SET xmloption = content;
SET client_min_messages = warning;
SET row_security = off;

SET default_tablespace = '';

SET default_table_access_method = heap;

--
-- Name: auth_group; Type: TABLE; Schema: public; Owner: khanhking
--

CREATE TABLE public.auth_group (
    id integer NOT NULL,
    name character varying(150) NOT NULL
);


ALTER TABLE public.auth_group OWNER TO khanhking;

--
-- Name: auth_group_id_seq; Type: SEQUENCE; Schema: public; Owner: khanhking
--

ALTER TABLE public.auth_group ALTER COLUMN id ADD GENERATED BY DEFAULT AS IDENTITY (
    SEQUENCE NAME public.auth_group_id_seq
    START WITH 1
    INCREMENT BY 1
    NO MINVALUE
    NO MAXVALUE
    CACHE 1
);


--
-- Name: auth_group_permissions; Type: TABLE; Schema: public; Owner: khanhking
--

CREATE TABLE public.auth_group_permissions (
    id bigint NOT NULL,
    group_id integer NOT NULL,
    permission_id integer NOT NULL
);


ALTER TABLE public.auth_group_permissions OWNER TO khanhking;

--
-- Name: auth_group_permissions_id_seq; Type: SEQUENCE; Schema: public; Owner: khanhking
--

ALTER TABLE public.auth_group_permissions ALTER COLUMN id ADD GENERATED BY DEFAULT AS IDENTITY (
    SEQUENCE NAME public.auth_group_permissions_id_seq
    START WITH 1
    INCREMENT BY 1
    NO MINVALUE
    NO MAXVALUE
    CACHE 1
);


--
-- Name: auth_permission; Type: TABLE; Schema: public; Owner: khanhking
--

CREATE TABLE public.auth_permission (
    id integer NOT NULL,
    name character varying(255) NOT NULL,
    content_type_id integer NOT NULL,
    codename character varying(100) NOT NULL
);


ALTER TABLE public.auth_permission OWNER TO khanhking;

--
-- Name: auth_permission_id_seq; Type: SEQUENCE; Schema: public; Owner: khanhking
--

ALTER TABLE public.auth_permission ALTER COLUMN id ADD GENERATED BY DEFAULT AS IDENTITY (
    SEQUENCE NAME public.auth_permission_id_seq
    START WITH 1
    INCREMENT BY 1
    NO MINVALUE
    NO MAXVALUE
    CACHE 1
);


--
-- Name: auth_user; Type: TABLE; Schema: public; Owner: khanhking
--

CREATE TABLE public.auth_user (
    id integer NOT NULL,
    password character varying(128) NOT NULL,
    last_login timestamp with time zone,
    is_superuser boolean NOT NULL,
    username character varying(150) NOT NULL,
    first_name character varying(150) NOT NULL,
    last_name character varying(150) NOT NULL,
    email character varying(254) NOT NULL,
    is_staff boolean NOT NULL,
    is_active boolean NOT NULL,
    date_joined timestamp with time zone NOT NULL
);


ALTER TABLE public.auth_user OWNER TO khanhking;

--
-- Name: auth_user_groups; Type: TABLE; Schema: public; Owner: khanhking
--

CREATE TABLE public.auth_user_groups (
    id bigint NOT NULL,
    user_id integer NOT NULL,
    group_id integer NOT NULL
);


ALTER TABLE public.auth_user_groups OWNER TO khanhking;

--
-- Name: auth_user_groups_id_seq; Type: SEQUENCE; Schema: public; Owner: khanhking
--

ALTER TABLE public.auth_user_groups ALTER COLUMN id ADD GENERATED BY DEFAULT AS IDENTITY (
    SEQUENCE NAME public.auth_user_groups_id_seq
    START WITH 1
    INCREMENT BY 1
    NO MINVALUE
    NO MAXVALUE
    CACHE 1
);


--
-- Name: auth_user_id_seq; Type: SEQUENCE; Schema: public; Owner: khanhking
--

ALTER TABLE public.auth_user ALTER COLUMN id ADD GENERATED BY DEFAULT AS IDENTITY (
    SEQUENCE NAME public.auth_user_id_seq
    START WITH 1
    INCREMENT BY 1
    NO MINVALUE
    NO MAXVALUE
    CACHE 1
);


--
-- Name: auth_user_user_permissions; Type: TABLE; Schema: public; Owner: khanhking
--

CREATE TABLE public.auth_user_user_permissions (
    id bigint NOT NULL,
    user_id integer NOT NULL,
    permission_id integer NOT NULL
);


ALTER TABLE public.auth_user_user_permissions OWNER TO khanhking;

--
-- Name: auth_user_user_permissions_id_seq; Type: SEQUENCE; Schema: public; Owner: khanhking
--

ALTER TABLE public.auth_user_user_permissions ALTER COLUMN id ADD GENERATED BY DEFAULT AS IDENTITY (
    SEQUENCE NAME public.auth_user_user_permissions_id_seq
    START WITH 1
    INCREMENT BY 1
    NO MINVALUE
    NO MAXVALUE
    CACHE 1
);


--
-- Name: django_admin_log; Type: TABLE; Schema: public; Owner: khanhking
--

CREATE TABLE public.django_admin_log (
    id integer NOT NULL,
    action_time timestamp with time zone NOT NULL,
    object_id text,
    object_repr character varying(200) NOT NULL,
    action_flag smallint NOT NULL,
    change_message text NOT NULL,
    content_type_id integer,
    user_id integer NOT NULL,
    CONSTRAINT django_admin_log_action_flag_check CHECK ((action_flag >= 0))
);


ALTER TABLE public.django_admin_log OWNER TO khanhking;

--
-- Name: django_admin_log_id_seq; Type: SEQUENCE; Schema: public; Owner: khanhking
--

ALTER TABLE public.django_admin_log ALTER COLUMN id ADD GENERATED BY DEFAULT AS IDENTITY (
    SEQUENCE NAME public.django_admin_log_id_seq
    START WITH 1
    INCREMENT BY 1
    NO MINVALUE
    NO MAXVALUE
    CACHE 1
);


--
-- Name: django_content_type; Type: TABLE; Schema: public; Owner: khanhking
--

CREATE TABLE public.django_content_type (
    id integer NOT NULL,
    app_label character varying(100) NOT NULL,
    model character varying(100) NOT NULL
);


ALTER TABLE public.django_content_type OWNER TO khanhking;

--
-- Name: django_content_type_id_seq; Type: SEQUENCE; Schema: public; Owner: khanhking
--

ALTER TABLE public.django_content_type ALTER COLUMN id ADD GENERATED BY DEFAULT AS IDENTITY (
    SEQUENCE NAME public.django_content_type_id_seq
    START WITH 1
    INCREMENT BY 1
    NO MINVALUE
    NO MAXVALUE
    CACHE 1
);


--
-- Name: django_migrations; Type: TABLE; Schema: public; Owner: khanhking
--

CREATE TABLE public.django_migrations (
    id bigint NOT NULL,
    app character varying(255) NOT NULL,
    name character varying(255) NOT NULL,
    applied timestamp with time zone NOT NULL
);


ALTER TABLE public.django_migrations OWNER TO khanhking;

--
-- Name: django_migrations_id_seq; Type: SEQUENCE; Schema: public; Owner: khanhking
--

ALTER TABLE public.django_migrations ALTER COLUMN id ADD GENERATED BY DEFAULT AS IDENTITY (
    SEQUENCE NAME public.django_migrations_id_seq
    START WITH 1
    INCREMENT BY 1
    NO MINVALUE
    NO MAXVALUE
    CACHE 1
);


--
-- Name: django_session; Type: TABLE; Schema: public; Owner: khanhking
--

CREATE TABLE public.django_session (
    session_key character varying(40) NOT NULL,
    session_data text NOT NULL,
    expire_date timestamp with time zone NOT NULL
);


ALTER TABLE public.django_session OWNER TO khanhking;

--
-- Name: main_app_aboutus; Type: TABLE; Schema: public; Owner: khanhking
--

CREATE TABLE public.main_app_aboutus (
    id bigint NOT NULL,
    title character varying(50) NOT NULL,
    content text NOT NULL,
    image character varying(100) NOT NULL
);


ALTER TABLE public.main_app_aboutus OWNER TO khanhking;

--
-- Name: main_app_aboutus_id_seq; Type: SEQUENCE; Schema: public; Owner: khanhking
--

ALTER TABLE public.main_app_aboutus ALTER COLUMN id ADD GENERATED BY DEFAULT AS IDENTITY (
    SEQUENCE NAME public.main_app_aboutus_id_seq
    START WITH 1
    INCREMENT BY 1
    NO MINVALUE
    NO MAXVALUE
    CACHE 1
);


--
-- Name: main_app_category; Type: TABLE; Schema: public; Owner: khanhking
--

CREATE TABLE public.main_app_category (
    id bigint NOT NULL,
    name character varying(30) NOT NULL
);


ALTER TABLE public.main_app_category OWNER TO khanhking;

--
-- Name: main_app_category_id_seq; Type: SEQUENCE; Schema: public; Owner: khanhking
--

ALTER TABLE public.main_app_category ALTER COLUMN id ADD GENERATED BY DEFAULT AS IDENTITY (
    SEQUENCE NAME public.main_app_category_id_seq
    START WITH 1
    INCREMENT BY 1
    NO MINVALUE
    NO MAXVALUE
    CACHE 1
);


--
-- Name: main_app_chef; Type: TABLE; Schema: public; Owner: khanhking
--

CREATE TABLE public.main_app_chef (
    id bigint NOT NULL,
    name character varying(50) NOT NULL,
    title character varying(50) NOT NULL,
    bio text NOT NULL,
    image character varying(100) NOT NULL
);


ALTER TABLE public.main_app_chef OWNER TO khanhking;

--
-- Name: main_app_chef_id_seq; Type: SEQUENCE; Schema: public; Owner: khanhking
--

ALTER TABLE public.main_app_chef ALTER COLUMN id ADD GENERATED BY DEFAULT AS IDENTITY (
    SEQUENCE NAME public.main_app_chef_id_seq
    START WITH 1
    INCREMENT BY 1
    NO MINVALUE
    NO MAXVALUE
    CACHE 1
);


--
-- Name: main_app_meal; Type: TABLE; Schema: public; Owner: khanhking
--

CREATE TABLE public.main_app_meal (
    id bigint NOT NULL,
    name character varying(50) NOT NULL,
    description text NOT NULL,
    people integer NOT NULL,
    price numeric(5,2) NOT NULL,
    preparation_time integer NOT NULL,
    image character varying(100) NOT NULL,
    slug character varying(50),
    user_id integer,
    category_id bigint,
    ingredients text NOT NULL
);


ALTER TABLE public.main_app_meal OWNER TO khanhking;

--
-- Name: main_app_meal_wines; Type: TABLE; Schema: public; Owner: khanhking
--

CREATE TABLE public.main_app_meal_wines (
    id bigint NOT NULL,
    meal_id bigint NOT NULL,
    wine_id bigint NOT NULL
);


ALTER TABLE public.main_app_meal_wines OWNER TO khanhking;

--
-- Name: main_app_meal_wines_id_seq; Type: SEQUENCE; Schema: public; Owner: khanhking
--

ALTER TABLE public.main_app_meal_wines ALTER COLUMN id ADD GENERATED BY DEFAULT AS IDENTITY (
    SEQUENCE NAME public.main_app_meal_wines_id_seq
    START WITH 1
    INCREMENT BY 1
    NO MINVALUE
    NO MAXVALUE
    CACHE 1
);


--
-- Name: main_app_meals_id_seq; Type: SEQUENCE; Schema: public; Owner: khanhking
--

ALTER TABLE public.main_app_meal ALTER COLUMN id ADD GENERATED BY DEFAULT AS IDENTITY (
    SEQUENCE NAME public.main_app_meals_id_seq
    START WITH 1
    INCREMENT BY 1
    NO MINVALUE
    NO MAXVALUE
    CACHE 1
);


--
-- Name: main_app_photo; Type: TABLE; Schema: public; Owner: khanhking
--

CREATE TABLE public.main_app_photo (
    id bigint NOT NULL,
    url character varying(200) NOT NULL,
    meal_id bigint NOT NULL
);


ALTER TABLE public.main_app_photo OWNER TO khanhking;

--
-- Name: main_app_photo_id_seq; Type: SEQUENCE; Schema: public; Owner: khanhking
--

ALTER TABLE public.main_app_photo ALTER COLUMN id ADD GENERATED BY DEFAULT AS IDENTITY (
    SEQUENCE NAME public.main_app_photo_id_seq
    START WITH 1
    INCREMENT BY 1
    NO MINVALUE
    NO MAXVALUE
    CACHE 1
);


--
-- Name: main_app_reservation; Type: TABLE; Schema: public; Owner: khanhking
--

CREATE TABLE public.main_app_reservation (
    id bigint NOT NULL,
    name character varying(50) NOT NULL,
    email character varying(254) NOT NULL,
    phone character varying NOT NULL,
    number_of_persons integer NOT NULL,
    "Date" date NOT NULL,
    "time" time without time zone NOT NULL,
    user_id integer NOT NULL
);


ALTER TABLE public.main_app_reservation OWNER TO khanhking;

--
-- Name: main_app_reservation_id_seq; Type: SEQUENCE; Schema: public; Owner: khanhking
--

ALTER TABLE public.main_app_reservation ALTER COLUMN id ADD GENERATED BY DEFAULT AS IDENTITY (
    SEQUENCE NAME public.main_app_reservation_id_seq
    START WITH 1
    INCREMENT BY 1
    NO MINVALUE
    NO MAXVALUE
    CACHE 1
);


--
-- Name: main_app_why_choose_us; Type: TABLE; Schema: public; Owner: khanhking
--

CREATE TABLE public.main_app_why_choose_us (
    id bigint NOT NULL,
    title character varying(50) NOT NULL,
    content text NOT NULL,
    image character varying(100) NOT NULL
);


ALTER TABLE public.main_app_why_choose_us OWNER TO khanhking;

--
-- Name: main_app_why_choose_us_id_seq; Type: SEQUENCE; Schema: public; Owner: khanhking
--

ALTER TABLE public.main_app_why_choose_us ALTER COLUMN id ADD GENERATED BY DEFAULT AS IDENTITY (
    SEQUENCE NAME public.main_app_why_choose_us_id_seq
    START WITH 1
    INCREMENT BY 1
    NO MINVALUE
    NO MAXVALUE
    CACHE 1
);


--
-- Name: main_app_wine; Type: TABLE; Schema: public; Owner: khanhking
--

CREATE TABLE public.main_app_wine (
    id bigint NOT NULL,
    name character varying(50) NOT NULL,
    type character varying(100) NOT NULL,
    age integer NOT NULL,
    price integer NOT NULL
);


ALTER TABLE public.main_app_wine OWNER TO khanhking;

--
-- Name: main_app_wine_id_seq; Type: SEQUENCE; Schema: public; Owner: khanhking
--

ALTER TABLE public.main_app_wine ALTER COLUMN id ADD GENERATED BY DEFAULT AS IDENTITY (
    SEQUENCE NAME public.main_app_wine_id_seq
    START WITH 1
    INCREMENT BY 1
    NO MINVALUE
    NO MAXVALUE
    CACHE 1
);


--
-- Data for Name: auth_group; Type: TABLE DATA; Schema: public; Owner: khanhking
--

COPY public.auth_group (id, name) FROM stdin;
\.


--
-- Data for Name: auth_group_permissions; Type: TABLE DATA; Schema: public; Owner: khanhking
--

COPY public.auth_group_permissions (id, group_id, permission_id) FROM stdin;
\.


--
-- Data for Name: auth_permission; Type: TABLE DATA; Schema: public; Owner: khanhking
--

COPY public.auth_permission (id, name, content_type_id, codename) FROM stdin;
1	Can add meals	1	add_meals
2	Can change meals	1	change_meals
3	Can delete meals	1	delete_meals
4	Can view meals	1	view_meals
5	Can add log entry	2	add_logentry
6	Can change log entry	2	change_logentry
7	Can delete log entry	2	delete_logentry
8	Can view log entry	2	view_logentry
9	Can add permission	3	add_permission
10	Can change permission	3	change_permission
11	Can delete permission	3	delete_permission
12	Can view permission	3	view_permission
13	Can add group	4	add_group
14	Can change group	4	change_group
15	Can delete group	4	delete_group
16	Can view group	4	view_group
17	Can add user	5	add_user
18	Can change user	5	change_user
19	Can delete user	5	delete_user
20	Can view user	5	view_user
21	Can add content type	6	add_contenttype
22	Can change content type	6	change_contenttype
23	Can delete content type	6	delete_contenttype
24	Can view content type	6	view_contenttype
25	Can add session	7	add_session
26	Can change session	7	change_session
27	Can delete session	7	delete_session
28	Can view session	7	view_session
29	Can add meal	1	add_meal
30	Can change meal	1	change_meal
31	Can delete meal	1	delete_meal
32	Can view meal	1	view_meal
33	Can add photo	8	add_photo
34	Can change photo	8	change_photo
35	Can delete photo	8	delete_photo
36	Can view photo	8	view_photo
37	Can add reservation	9	add_reservation
38	Can change reservation	9	change_reservation
39	Can delete reservation	9	delete_reservation
40	Can view reservation	9	view_reservation
41	Can add about us 	10	add_aboutus
42	Can change about us 	10	change_aboutus
43	Can delete about us 	10	delete_aboutus
44	Can view about us 	10	view_aboutus
45	Can add chef	11	add_chef
46	Can change chef	11	change_chef
47	Can delete chef	11	delete_chef
48	Can view chef	11	view_chef
49	Can add why choose us 	12	add_why_choose_us
50	Can change why choose us 	12	change_why_choose_us
51	Can delete why choose us 	12	delete_why_choose_us
52	Can view why choose us 	12	view_why_choose_us
53	Can add category	13	add_category
54	Can change category	13	change_category
55	Can delete category	13	delete_category
56	Can view category	13	view_category
57	Can add wine	14	add_wine
58	Can change wine	14	change_wine
59	Can delete wine	14	delete_wine
60	Can view wine	14	view_wine
\.


--
-- Data for Name: auth_user; Type: TABLE DATA; Schema: public; Owner: khanhking
--

COPY public.auth_user (id, password, last_login, is_superuser, username, first_name, last_name, email, is_staff, is_active, date_joined) FROM stdin;
8	pbkdf2_sha256$600000$60hXDPKiRdw8hYmkibXVjr$c1BkxO3adhNRp8wIH3ONVuFSUgLl82/B9RfQ33XxoOA=	2023-08-25 01:12:59.867818-04	f	johnjohn	john	rome		f	t	2023-08-25 01:10:21.614793-04
9	pbkdf2_sha256$600000$zBfyam316riAXwWpA8pFvJ$1tCSNyRgibBe+7iSL1IQKNxS93KDKfkMwZ5HepEfrfU=	2023-08-25 09:24:25.397731-04	f	mattiacharl23	mattia	charl23		f	t	2023-08-25 09:24:25.175823-04
1	pbkdf2_sha256$600000$Q4SKWTmZJ6u6R8cze6NF3L$fbLqrFrtna41zvOoq2qcvhk2JoZPKc+3h1iXJSQ87a4=	2023-08-25 09:49:43.788059-04	t	group3			group3@gmail.com	t	t	2023-08-20 02:10:48.13683-04
2	pbkdf2_sha256$600000$Q4SKWTmZJ6u6R8cze6NF3L$fbLqrFrtna41zvOoq2qcvhk2JoZPKc+3h1iXJSQ87a4=	2023-08-25 10:45:05.808339-04	f	customer1	customer	1	customer@gmail.com	f	t	2023-08-23 15:34:39.505353-04
3	pbkdf2_sha256$600000$WEjj7v7IsiznBveew8XARw$qezfTwi4SI5Eu+V9CFbpaZrrAmqsPIOX6/dDDdoN4gc=	2023-08-24 10:54:57.597457-04	f	khanhking23				f	t	2023-08-24 10:54:26.487389-04
4	pbkdf2_sha256$600000$PKYrAn3boBWMEQ4Plfqph3$cSxL3s+wjthe5fLKFH5OXoPWMHNhF4VOtwao795fpp8=	2023-08-24 11:08:01.945356-04	f	khanhkhanh				f	t	2023-08-24 11:08:01.73128-04
5	pbkdf2_sha256$600000$f2NCtTsknqEG3449zPTyhv$P6VG+olCnyY9vDtg94IuyQ8VHlo0RVv2XwIZMoZF8WY=	2023-08-24 11:22:52.633142-04	f	khanhkhanh30				f	t	2023-08-24 11:22:52.4447-04
6	pbkdf2_sha256$600000$ZrCdA4KSWnbpTXvQ3cj5KM$jzuKlbklTuVJWMxIFCwmmMLxuQvno74oYBY4PIJoQpE=	2023-08-24 11:42:27.92971-04	f	khanhking	khanh	king		f	t	2023-08-24 11:42:27.72246-04
7	pbkdf2_sha256$600000$uY1y9HgPXw5HMy4f8B5tvJ$rFL5sDkHG7dM/i3LZVm2PSQtDK2EwmfxH4vO+2Fpimg=	2023-08-24 11:43:56.699812-04	f	johnking	john	king		f	t	2023-08-24 11:43:56.491365-04
\.


--
-- Data for Name: auth_user_groups; Type: TABLE DATA; Schema: public; Owner: khanhking
--

COPY public.auth_user_groups (id, user_id, group_id) FROM stdin;
\.


--
-- Data for Name: auth_user_user_permissions; Type: TABLE DATA; Schema: public; Owner: khanhking
--

COPY public.auth_user_user_permissions (id, user_id, permission_id) FROM stdin;
\.


--
-- Data for Name: django_admin_log; Type: TABLE DATA; Schema: public; Owner: khanhking
--

COPY public.django_admin_log (id, action_time, object_id, object_repr, action_flag, change_message, content_type_id, user_id) FROM stdin;
1	2023-08-21 15:05:04.510897-04	1	Restaurants History	1	[{"added": {}}]	10	1
2	2023-08-21 15:05:25.724193-04	2	Restaurnts History	1	[{"added": {}}]	10	1
3	2023-08-21 15:05:58.955565-04	2	Restaurnts History	3		10	1
4	2023-08-21 15:06:49.642429-04	1	Mattia	1	[{"added": {}}]	11	1
5	2023-08-21 15:07:17.173186-04	2	Khanh	1	[{"added": {}}]	11	1
6	2023-08-21 15:07:46.833468-04	3	Joao	1	[{"added": {}}]	11	1
7	2023-08-21 17:09:19.718005-04	3	ttt	1	[{"added": {}}]	10	1
8	2023-08-21 22:37:22.621208-04	1	Pasta	1	[{"added": {}}]	13	1
9	2023-08-22 08:18:47.686701-04	3	ttt	3		10	1
10	2023-08-22 08:20:29.778513-04	1	Something new An Extraordinery Experience	2	[{"changed": {"fields": ["Title", "Content"]}}]	10	1
11	2023-08-22 08:21:18.612081-04	1	Something new	2	[{"changed": {"fields": ["Title", "Content"]}}]	10	1
12	2023-08-22 08:21:50.839983-04	3	Joao	2	[{"changed": {"fields": ["Bio"]}}]	11	1
13	2023-08-22 08:22:04.910992-04	1	Mattia	2	[{"changed": {"fields": ["Bio"]}}]	11	1
14	2023-08-22 08:22:15.456384-04	1	Mattia	2	[]	11	1
15	2023-08-22 08:22:25.241473-04	2	Khanh	2	[{"changed": {"fields": ["Bio"]}}]	11	1
16	2023-08-22 08:22:37.273895-04	4	Khanh P King	3		9	1
17	2023-08-22 08:22:42.707873-04	3	King V	3		9	1
18	2023-08-22 08:24:24.334706-04	1	Something new	2	[{"changed": {"fields": ["Content"]}}]	10	1
19	2023-08-22 08:24:58.297787-04	1	Something new- An Extraordinary Experience	2	[{"changed": {"fields": ["Title", "Content"]}}]	10	1
20	2023-08-22 08:25:11.638513-04	1	Something new  An Extraordinary Experience	2	[{"changed": {"fields": ["Title"]}}]	10	1
21	2023-08-22 08:25:57.982298-04	1	Chasing Culinary Perfection (with a pinch of laugh	1	[{"added": {}}]	12	1
22	2023-08-23 21:49:05.853511-04	1	Chasing Culinary Perfection	2	[{"changed": {"fields": ["Title"]}}]	12	1
23	2023-08-23 22:22:37.626159-04	3	Joao	3		11	1
24	2023-08-23 22:24:04.751017-04	4	Joao	1	[{"added": {}}]	11	1
25	2023-08-23 22:24:34.885268-04	4	Joao	3		11	1
26	2023-08-23 22:25:02.054257-04	5	Joao	1	[{"added": {}}]	11	1
27	2023-08-23 22:33:43.280079-04	1	Mattia	2	[{"changed": {"fields": ["Bio"]}}]	11	1
28	2023-08-23 22:34:25.827194-04	2	Khanh	2	[{"changed": {"fields": ["Bio"]}}]	11	1
29	2023-08-23 22:35:22.434453-04	5	Joao	2	[{"changed": {"fields": ["Bio"]}}]	11	1
30	2023-08-23 22:36:10.501353-04	2	Khanh	2	[{"changed": {"fields": ["Bio"]}}]	11	1
31	2023-08-23 22:36:20.156743-04	5	Joao	2	[]	11	1
32	2023-08-23 22:41:23.36436-04	5	Joao	2	[{"changed": {"fields": ["Bio"]}}]	11	1
33	2023-08-23 22:41:36.523846-04	5	Joao	2	[{"changed": {"fields": ["Bio"]}}]	11	1
34	2023-08-23 23:58:06.775553-04	1	Something new  An Extraordinary Experience	2	[{"changed": {"fields": ["Image"]}}]	10	1
35	2023-08-24 00:01:51.549531-04	4	Restaurants History	1	[{"added": {}}]	10	1
36	2023-08-24 00:01:58.359917-04	1	Something new  An Extraordinary Experience	3		10	1
37	2023-08-24 00:23:27.451654-04	4	Restaurants History	2	[{"changed": {"fields": ["Image"]}}]	10	1
38	2023-08-24 00:30:23.087612-04	4	Restaurants History	2	[{"changed": {"fields": ["Image"]}}]	10	1
39	2023-08-24 00:38:08.701545-04	4	Restaurants History	2	[{"changed": {"fields": ["Image"]}}]	10	1
40	2023-08-24 00:39:36.652683-04	4	Restaurants History	2	[{"changed": {"fields": ["Image"]}}]	10	1
41	2023-08-24 00:48:35.996272-04	4	Restaurants History	2	[{"changed": {"fields": ["Image"]}}]	10	1
42	2023-08-24 00:49:35.03521-04	4	Restaurants History	2	[{"changed": {"fields": ["Image"]}}]	10	1
43	2023-08-24 01:57:15.216364-04	4	Restaurants History	2	[{"changed": {"fields": ["Content"]}}]	10	1
44	2023-08-24 02:01:16.254664-04	4	Restaurants History	2	[{"changed": {"fields": ["Content"]}}]	10	1
45	2023-08-24 02:01:48.193456-04	4	Restaurants History	2	[{"changed": {"fields": ["Content"]}}]	10	1
46	2023-08-24 02:05:48.499884-04	5	Joao	2	[]	11	1
47	2023-08-24 02:05:53.405589-04	2	Khanh	2	[{"changed": {"fields": ["Title"]}}]	11	1
48	2023-08-24 02:05:58.855594-04	1	Mattia	2	[{"changed": {"fields": ["Title"]}}]	11	1
49	2023-08-24 02:11:26.228039-04	4	The Legacy of Nota Nobile	2	[{"changed": {"fields": ["Title"]}}]	10	1
50	2023-08-24 02:17:19.221068-04	1	Artisanal Culinary Masterpieces	2	[{"changed": {"fields": ["Title", "Content"]}}]	12	1
51	2023-08-24 02:18:09.247074-04	2	Visually Stunning Presentations	1	[{"added": {}}]	12	1
52	2023-08-24 02:20:31.600417-04	3	Personalized Culinary Adventures	1	[{"added": {}}]	12	1
53	2023-08-24 02:21:07.902323-04	4	Meticulous Ingredient Selection	1	[{"added": {}}]	12	1
54	2023-08-24 08:46:32.27704-04	4	Meticulous Ingredient Selection	2	[]	12	1
55	2023-08-24 08:46:43.220831-04	2	Visually Stunning Presentations	3		12	1
56	2023-08-24 08:54:49.835389-04	1	Pasta gggggggggggggg 25	2	[{"changed": {"fields": ["Name"]}}]	13	1
57	2023-08-24 08:55:25.777855-04	2	Escargoot bbbbbbbbbbbbbb 43	1	[{"added": {}}]	13	1
58	2023-08-24 13:01:58.356634-04	2	Pasta	1	[{"added": {}}]	14	1
59	2023-08-24 13:02:09.590084-04	25	dfhg	2	[{"changed": {"fields": ["Category", "Image", "Ingredients", "Wines"]}}]	1	1
60	2023-08-24 13:06:35.948985-04	25	dfhg	3		1	1
61	2023-08-24 13:06:47.263564-04	2	Pasta	3		1	1
62	2023-08-24 13:06:51.710414-04	3	Pasta	3		1	1
63	2023-08-24 13:06:55.946898-04	4	Pasta	3		1	1
64	2023-08-24 13:07:00.67412-04	5	Pasta	3		1	1
65	2023-08-24 13:07:05.191646-04	6	Pasta	3		1	1
66	2023-08-24 13:07:10.009119-04	7	Pasta	3		1	1
67	2023-08-24 13:07:14.492793-04	9	Pasta	3		1	1
68	2023-08-24 13:07:18.805143-04	22	Pasta	3		1	1
69	2023-08-24 13:07:24.141755-04	23	Pasta	3		1	1
70	2023-08-24 13:09:11.005425-04	3	dfhg	1	[{"added": {}}]	14	1
71	2023-08-24 13:09:22.109176-04	26	Escargot	1	[{"added": {}}]	1	1
72	2023-08-24 13:58:14.122688-04	1	Artisanal Culinary Masterpieces	2	[{"changed": {"fields": ["Image"]}}]	12	1
73	2023-08-24 14:44:02.316631-04	4	rr	1	[{"added": {}}]	14	1
74	2023-08-24 14:44:10.721945-04	24	Pasta	2	[{"changed": {"fields": ["Category", "Image", "Ingredients", "Wines"]}}]	1	1
75	2023-08-24 15:26:29.993037-04	5	Pasta	1	[{"added": {}}]	14	1
76	2023-08-24 15:26:31.234634-04	1	Su filindeu pasta	2	[{"changed": {"fields": ["Category", "Image", "Ingredients", "User", "Wines"]}}]	1	1
77	2023-08-24 15:36:24.913006-04	6	Wine	1	[{"added": {}}]	14	1
78	2023-08-24 15:36:40.519207-04	1	Shrimp Symphony Pasta	2	[{"changed": {"fields": ["Meal", "Description", "Category", "Price", "Wines"]}}]	1	1
79	2023-08-24 15:37:12.804669-04	24	Pasta	3		1	1
80	2023-08-24 15:37:17.140092-04	26	Escargot	3		1	1
81	2023-08-24 15:37:21.904956-04	1	Shrimp Symphony Pasta	2	[]	1	1
82	2023-08-24 15:39:16.45648-04	1	Shrimp Symphony Pasta	3		1	1
83	2023-08-24 15:40:46.652359-04	7	Pasta	1	[{"added": {}}]	14	1
84	2023-08-24 15:40:48.304515-04	27	Shrimp Symphony Pasta	1	[{"added": {}}]	1	1
85	2023-08-24 15:43:57.449348-04	8	white	1	[{"added": {}}]	14	1
86	2023-08-24 15:43:59.477493-04	28	Garden Gem Antipasto	1	[{"added": {}}]	1	1
87	2023-08-24 16:09:11.089583-04	9	Napa	1	[{"added": {}}]	14	1
88	2023-08-24 16:10:15.704871-04	29	Peach Ravioli	1	[{"added": {}}]	1	1
89	2023-08-24 16:13:28.634726-04	10	German	1	[{"added": {}}]	14	1
90	2023-08-24 16:13:30.203745-04	30	Saffron Rissotto	1	[{"added": {}}]	1	1
91	2023-08-24 16:17:29.099124-04	11	white wine	1	[{"added": {}}]	14	1
92	2023-08-24 16:17:45.93393-04	31	Veal Ossobuco	1	[{"added": {}}]	1	1
93	2023-08-24 16:32:59.901733-04	12	Napa Valleey	1	[{"added": {}}]	14	1
94	2023-08-24 16:33:05.562679-04	32	Mediterranean Breeze Carpaccio	1	[{"added": {}}]	1	1
95	2023-08-24 16:35:37.147303-04	13	Wine	1	[{"added": {}}]	14	1
96	2023-08-24 16:35:39.600598-04	33	Panettone Gelato	1	[{"added": {}}]	1	1
97	2023-08-24 16:40:24.025795-04	14	dfhg	1	[{"added": {}}]	14	1
98	2023-08-24 16:40:38.335853-04	34	Dark Chocolate Raspberry Tarlet	1	[{"added": {}}]	1	1
99	2023-08-24 16:47:02.985648-04	15	Main	1	[{"added": {}}]	14	1
100	2023-08-24 16:47:05.502713-04	35	Lobster Caviar Sonata	1	[{"added": {}}]	1	1
101	2023-08-24 19:30:59.708881-04	4	The Legacy of Nota Nobile	2	[{"changed": {"fields": ["Image"]}}]	10	1
\.


--
-- Data for Name: django_content_type; Type: TABLE DATA; Schema: public; Owner: khanhking
--

COPY public.django_content_type (id, app_label, model) FROM stdin;
2	admin	logentry
3	auth	permission
4	auth	group
5	auth	user
6	contenttypes	contenttype
7	sessions	session
1	main_app	meal
8	main_app	photo
9	main_app	reservation
10	main_app	aboutus
11	main_app	chef
12	main_app	why_choose_us
13	main_app	category
14	main_app	wine
\.


--
-- Data for Name: django_migrations; Type: TABLE DATA; Schema: public; Owner: khanhking
--

COPY public.django_migrations (id, app, name, applied) FROM stdin;
1	contenttypes	0001_initial	2023-08-20 01:29:49.090356-04
2	auth	0001_initial	2023-08-20 01:29:49.125241-04
3	admin	0001_initial	2023-08-20 01:29:49.131914-04
4	admin	0002_logentry_remove_auto_add	2023-08-20 01:29:49.135038-04
5	admin	0003_logentry_add_action_flag_choices	2023-08-20 01:29:49.139262-04
6	contenttypes	0002_remove_content_type_name	2023-08-20 01:29:49.147498-04
7	auth	0002_alter_permission_name_max_length	2023-08-20 01:29:49.152097-04
8	auth	0003_alter_user_email_max_length	2023-08-20 01:29:49.15548-04
9	auth	0004_alter_user_username_opts	2023-08-20 01:29:49.158767-04
10	auth	0005_alter_user_last_login_null	2023-08-20 01:29:49.162428-04
11	auth	0006_require_contenttypes_0002	2023-08-20 01:29:49.163515-04
12	auth	0007_alter_validators_add_error_messages	2023-08-20 01:29:49.166606-04
13	auth	0008_alter_user_username_max_length	2023-08-20 01:29:49.172585-04
14	auth	0009_alter_user_last_name_max_length	2023-08-20 01:29:49.176052-04
15	auth	0010_alter_group_name_max_length	2023-08-20 01:29:49.180944-04
16	auth	0011_update_proxy_permissions	2023-08-20 01:29:49.184464-04
17	auth	0012_alter_user_first_name_max_length	2023-08-20 01:29:49.18963-04
18	main_app	0001_initial	2023-08-20 01:29:49.197213-04
19	sessions	0001_initial	2023-08-20 01:29:49.202767-04
20	main_app	0002_rename_meals_meal	2023-08-20 09:19:42.54063-04
21	main_app	0003_meal_user	2023-08-20 14:48:06.509612-04
22	main_app	0004_photo	2023-08-20 15:51:35.226558-04
23	main_app	0005_reservation	2023-08-20 23:27:21.799308-04
24	main_app	0006_aboutus	2023-08-21 01:29:37.732701-04
25	main_app	0007_chef	2023-08-21 01:30:24.607295-04
26	main_app	0008_why_choose_us	2023-08-21 02:02:17.9643-04
27	main_app	0009_auto_20230821_1901	2023-08-21 15:01:40.90469-04
28	main_app	0010_category_alter_aboutus_options	2023-08-21 22:29:18.008787-04
29	main_app	0011_meal_category	2023-08-21 22:34:36.327568-04
30	main_app	0012_alter_reservation_date	2023-08-21 23:45:46.533258-04
31	main_app	0013_alter_reservation_date	2023-08-21 23:47:23.819143-04
32	main_app	0014_alter_reservation_phone	2023-08-22 01:25:23.381483-04
33	main_app	0015_wine	2023-08-23 10:33:15.990136-04
34	main_app	0016_meal_wines	2023-08-23 10:33:16.114928-04
35	main_app	0017_meal_ingredients	2023-08-23 10:33:16.129345-04
36	main_app	0018_alter_reservation_date_alter_reservation_time	2023-08-23 10:33:16.138064-04
37	main_app	0019_reservation_user	2023-08-23 15:28:23.772452-04
38	main_app	0020_aboutus_image	2023-08-23 23:57:18.587814-04
39	main_app	0021_why_choose_us_image	2023-08-24 13:55:03.734451-04
\.


--
-- Data for Name: django_session; Type: TABLE DATA; Schema: public; Owner: khanhking
--

COPY public.django_session (session_key, session_data, expire_date) FROM stdin;
2wjfwbts1spa24kz0z3yanm68r9wkx1w	.eJxVjDsOwjAQBe_iGlkEZ_2hpM8ZrN31GgeQI8VJhbg7iZQC2pl5760irkuJa5M5jkldVadOv4yQn1J3kR5Y75PmqS7zSHpP9GGbHqYkr9vR_h0UbGVbQ-iD8ZzJZ-mF6OzZuOABiENG5w2CNRslCGCTSyTZkrcXydQBI6jPF_HOOIk:1qYcke:yNW7i1BCORt7u0gY4W62i49VHGrhcHyY4ADevMSanmA	2023-09-05 21:33:40.552544-04
stgmihn5ptd4m36v0v35ovygdev5nl3s	.eJxVjDsOwjAQBe_iGlkEZ_2hpM8ZrN31GgeQI8VJhbg7iZQC2pl5760irkuJa5M5jkldVadOv4yQn1J3kR5Y75PmqS7zSHpP9GGbHqYkr9vR_h0UbGVbQ-iD8ZzJZ-mF6OzZuOABiENG5w2CNRslCGCTSyTZkrcXydQBI6jPF_HOOIk:1qZXC3:l6sEJPAtb5T4vim5HB8aMh--NWUKagEZ1tfBzIhyDYg	2023-09-08 09:49:43.790847-04
iknbxdmoskd7nkosbw65uq8ovrmufqx8	.eJxVjDsOwjAQBe_iGlkEZ_2hpM8ZrN31GgeQI8VJhbg7iZQC2pl5760irkuJa5M5jkldVadOv4yQn1J3kR5Y75PmqS7zSHpP9GGbHqYkr9vR_h0UbGVbQ-iD8ZzJZ-mF6OzZuOABiENG5w2CNRslCGCTSyTZkrcXydQBI6jPF_HOOIk:1qYgAh:yCRTrjjgdzXCCOhs4M7FG1iyi3Pyr3A4izJNQUSJYnw	2023-09-06 01:12:47.700735-04
ffldmnkefslb7gqq2ti1t8o40kzy9q9n	.eJxVjDsOwjAQBe_iGlkQZ_2hpM8ZrN31GgeQI8VJhbg7iZQC2pl5760irkuJa5M5jkldVadOv4yQn1J3kR5Y75PmqS7zSHpP9GGbHqYkr9vR_h0UbGVbQ-iD8ZzJZ-mF6OzZuOABiENG5w2CNRslCGCTSyTZkredZLoAI6jPF_JnOIo:1qZY3d:1J8aA1UT3oYhBLd8aV3azh1w1m8IbJjDfrVOMQodFTk	2023-09-08 10:45:05.810081-04
\.


--
-- Data for Name: main_app_aboutus; Type: TABLE DATA; Schema: public; Owner: khanhking
--

COPY public.main_app_aboutus (id, title, content, image) FROM stdin;
4	The Legacy of Nota Nobile	For nearly two decades, Nota Nobile has stood as a testament to the harmonious fusion of culinary artistry and musical elegance. A symphony of tastes, where every bite mirrors a melodious note, our establishment evokes both deep-rooted tradition and contemporary flair. This longstanding Italian restaurant has consistently striven to craft dishes that sing like timeless arias. With each plate, we interweave the essence of age-old Italian tradition with the thrill of modern innovation. Our enduring passion and commitment have solidified Nota Nobile's reputation as more than just a restaurant—it's a legacy.	about_us/fallon-travels-q03ZLncun2Y-unsplash.jpg
\.


--
-- Data for Name: main_app_category; Type: TABLE DATA; Schema: public; Owner: khanhking
--

COPY public.main_app_category (id, name) FROM stdin;
1	Pasta gggggggggggggg 25
2	Escargoot bbbbbbbbbbbbbb 43
\.


--
-- Data for Name: main_app_chef; Type: TABLE DATA; Schema: public; Owner: khanhking
--

COPY public.main_app_chef (id, name, title, bio, image) FROM stdin;
5	Joao	Chef	João is now set on a new adventure: spicing up our quest for the ultimate Italian dish with hints of Portuguese zest. With a twinkle in his eye and a flair in his technique, João makes dining a delightful escapade.	chef/pine_grospeak.jpeg
2	Khanh	Chef	From vibrant Vietnam, Khanh sees Nota Nobile as a familial feast. Her dishes blend love, nostalgia, and fun into a flavor symphony that resonates deeply.	chef/hawfinch.jpeg
1	Mattia	Chef	True to his Italian heritage, Mattia expertly fuses traditional techniques with innovative twists, driving our vibrant culinary journey.	chef/brimstone_canary.jpeg
\.


--
-- Data for Name: main_app_meal; Type: TABLE DATA; Schema: public; Owner: khanhking
--

COPY public.main_app_meal (id, name, description, people, price, preparation_time, image, slug, user_id, category_id, ingredients) FROM stdin;
27	Shrimp Symphony Pasta	shrimp, pasta, basil	3	45.00	35	meals/image.png	slug	1	1	shrimp, pasta, basil
28	Garden Gem Antipasto	Prosciutto, Heirloom Tomatoes, Burrata	2	50.00	30	meals/Kj14PrS1nJKeaAiuYXUb--1--37l5a.jpg	slug	1	1	Prosciutto, Heirloom Tomatoes, Burrata
29	Peach Ravioli	Pasta, Basil, Tomato	4	50.00	30	meals/c5pJYAjE3WIjSwgmB1Az--1--renak.jpg	slug	1	1	Pasta, Basil, Tomato
30	Saffron Rissotto	Saffron, Scallop, Rice and Black Truffles	2	50.00	30	meals/69I7UypMwhmWHwbKs2Hu--1--cmdwc.jpg	slug	1	2	Saffron, Scallop, Rice and Black Truffles
31	Veal Ossobuco	Slow-braised veal, tomato and white wine sauce	3	90.00	40	meals/1lcTnm2iwT14AE8dJVAt--1--zykrn.jpg	slug	1	2	Slow-braised veal, tomato and white wine sauce
32	Mediterranean Breeze Carpaccio	Branzino, Citrus-Infused Olive, and Artichoke	6	200.00	50	meals/au7j4fJPEZKzUwPhpTxr--1--63gts.jpg	slug	1	1	Branzino, Citrus-Infused Olive, and Artichoke
33	Panettone Gelato	Fresh fruits,	3	20.00	220	meals/QnZRhITwZrgooIDhZGpY--1--psfbu.jpg	slug	1	2	Fresh fruits
34	Dark Chocolate Raspberry Tarlet	Chocolate, Raspberry, Mango	2	25.00	30	meals/2toji7e7Un9RU8smbEbk--1--fzk3l.jpg	slug	1	2	Chocolate, Raspberry, Mango
35	Lobster Caviar Sonata	Lobster, Carviar and Sweet Potato	2	30.00	20	meals/eoCImdoU0ZkRXwpPIeXq--1--0m416.webp	sluggg	1	2	Lobster, Carviar and Sweet Potato
\.


--
-- Data for Name: main_app_meal_wines; Type: TABLE DATA; Schema: public; Owner: khanhking
--

COPY public.main_app_meal_wines (id, meal_id, wine_id) FROM stdin;
11	27	7
12	28	8
13	29	9
14	30	10
15	31	11
16	32	12
17	33	13
18	34	14
19	35	3
20	35	15
21	27	9
\.


--
-- Data for Name: main_app_photo; Type: TABLE DATA; Schema: public; Owner: khanhking
--

COPY public.main_app_photo (id, url, meal_id) FROM stdin;
13	https://s3.us-east-2.amazonaws.com/projects-6-5/project-6-5/ce9eca.jpg	28
14	https://s3.us-east-2.amazonaws.com/projects-6-5/project-6-5/ff0bd0.jpg	27
\.


--
-- Data for Name: main_app_reservation; Type: TABLE DATA; Schema: public; Owner: khanhking
--

COPY public.main_app_reservation (id, name, email, phone, number_of_persons, "Date", "time", user_id) FROM stdin;
2	Khanh P King	khanhnphan15@gmail.com	2052188243	2	2023-12-12	01:30:00	1
10	Khanh Phan	khanhnphan15@gmail.com	12052188243	5	2023-08-22	07:54:00	1
11	customer 1	customer@gmail.com		2	2023-08-23	15:15:00	2
12	customer 1	customer@gmail.com	235-235-2356	2	2023-08-23	21:00:00	2
13	customer 1	customer@gmail.com	345-345-3456	2	2023-08-08	20:34:00	2
14	 		345-345-3456	3	2023-08-25	20:10:00	4
16	 		334-567-6789	3	2023-08-24	11:23:00	5
17	john king		345-345-5465	3	2023-08-23	18:44:00	7
18	john rome		345-345-3456	2	2023-08-25	20:19:00	8
19	mattia charl23		334-567-6789	3	2023-08-25	09:24:00	9
\.


--
-- Data for Name: main_app_why_choose_us; Type: TABLE DATA; Schema: public; Owner: khanhking
--

COPY public.main_app_why_choose_us (id, title, content, image) FROM stdin;
3	Personalized Culinary Adventures	We understand that every palate is unique. Our menu offers a symphony of choices, ensuring that every guest finds a dish that resonates with their preferences. Our chefs are delighted to tailor dishes to accommodate specific tastes and dietary needs.	1
4	Meticulous Ingredient Selection	From the first bite to the last, our commitment to quality is unwavering. We source the finest and freshest ingredients to ensure that every dish is a testament to the rich culinary heritage of Italy.	1
1	Artisanal Culinary Masterpieces	Our restaurant is more than a dining experience; it’s a journey through Italian tradition interpreted with a creative twist. Each dish is a work of art, meticulously crafted by our skilled chefs who infuse traditional flavors with innovative techniques.	why_choose_us/escargot.jpeg
\.


--
-- Data for Name: main_app_wine; Type: TABLE DATA; Schema: public; Owner: khanhking
--

COPY public.main_app_wine (id, name, type, age, price) FROM stdin;
1	merlot	red	6	54
2	Pasta	ff	6	-3
3	dfhg	red	1	30
4	rr	red	12	40
5	Pasta	red	2	23
6	Wine	red	3	3
7	Pasta	red	12	34
8	white	white	3	20
9	Napa	red	1	20
10	German	red	11	60
11	white wine	white	5	50
12	Napa Valleey	white	5	100
13	Wine	red	4	15
14	dfhg	red	1	20
15	Main	white	12	15
\.


--
-- Name: auth_group_id_seq; Type: SEQUENCE SET; Schema: public; Owner: khanhking
--

SELECT pg_catalog.setval('public.auth_group_id_seq', 1, false);


--
-- Name: auth_group_permissions_id_seq; Type: SEQUENCE SET; Schema: public; Owner: khanhking
--

SELECT pg_catalog.setval('public.auth_group_permissions_id_seq', 1, false);


--
-- Name: auth_permission_id_seq; Type: SEQUENCE SET; Schema: public; Owner: khanhking
--

SELECT pg_catalog.setval('public.auth_permission_id_seq', 60, true);


--
-- Name: auth_user_groups_id_seq; Type: SEQUENCE SET; Schema: public; Owner: khanhking
--

SELECT pg_catalog.setval('public.auth_user_groups_id_seq', 1, false);


--
-- Name: auth_user_id_seq; Type: SEQUENCE SET; Schema: public; Owner: khanhking
--

SELECT pg_catalog.setval('public.auth_user_id_seq', 9, true);


--
-- Name: auth_user_user_permissions_id_seq; Type: SEQUENCE SET; Schema: public; Owner: khanhking
--

SELECT pg_catalog.setval('public.auth_user_user_permissions_id_seq', 1, false);


--
-- Name: django_admin_log_id_seq; Type: SEQUENCE SET; Schema: public; Owner: khanhking
--

SELECT pg_catalog.setval('public.django_admin_log_id_seq', 101, true);


--
-- Name: django_content_type_id_seq; Type: SEQUENCE SET; Schema: public; Owner: khanhking
--

SELECT pg_catalog.setval('public.django_content_type_id_seq', 14, true);


--
-- Name: django_migrations_id_seq; Type: SEQUENCE SET; Schema: public; Owner: khanhking
--

SELECT pg_catalog.setval('public.django_migrations_id_seq', 39, true);


--
-- Name: main_app_aboutus_id_seq; Type: SEQUENCE SET; Schema: public; Owner: khanhking
--

SELECT pg_catalog.setval('public.main_app_aboutus_id_seq', 4, true);


--
-- Name: main_app_category_id_seq; Type: SEQUENCE SET; Schema: public; Owner: khanhking
--

SELECT pg_catalog.setval('public.main_app_category_id_seq', 2, true);


--
-- Name: main_app_chef_id_seq; Type: SEQUENCE SET; Schema: public; Owner: khanhking
--

SELECT pg_catalog.setval('public.main_app_chef_id_seq', 5, true);


--
-- Name: main_app_meal_wines_id_seq; Type: SEQUENCE SET; Schema: public; Owner: khanhking
--

SELECT pg_catalog.setval('public.main_app_meal_wines_id_seq', 21, true);


--
-- Name: main_app_meals_id_seq; Type: SEQUENCE SET; Schema: public; Owner: khanhking
--

SELECT pg_catalog.setval('public.main_app_meals_id_seq', 35, true);


--
-- Name: main_app_photo_id_seq; Type: SEQUENCE SET; Schema: public; Owner: khanhking
--

SELECT pg_catalog.setval('public.main_app_photo_id_seq', 14, true);


--
-- Name: main_app_reservation_id_seq; Type: SEQUENCE SET; Schema: public; Owner: khanhking
--

SELECT pg_catalog.setval('public.main_app_reservation_id_seq', 19, true);


--
-- Name: main_app_why_choose_us_id_seq; Type: SEQUENCE SET; Schema: public; Owner: khanhking
--

SELECT pg_catalog.setval('public.main_app_why_choose_us_id_seq', 4, true);


--
-- Name: main_app_wine_id_seq; Type: SEQUENCE SET; Schema: public; Owner: khanhking
--

SELECT pg_catalog.setval('public.main_app_wine_id_seq', 15, true);


--
-- Name: auth_group auth_group_name_key; Type: CONSTRAINT; Schema: public; Owner: khanhking
--

ALTER TABLE ONLY public.auth_group
    ADD CONSTRAINT auth_group_name_key UNIQUE (name);


--
-- Name: auth_group_permissions auth_group_permissions_group_id_permission_id_0cd325b0_uniq; Type: CONSTRAINT; Schema: public; Owner: khanhking
--

ALTER TABLE ONLY public.auth_group_permissions
    ADD CONSTRAINT auth_group_permissions_group_id_permission_id_0cd325b0_uniq UNIQUE (group_id, permission_id);


--
-- Name: auth_group_permissions auth_group_permissions_pkey; Type: CONSTRAINT; Schema: public; Owner: khanhking
--

ALTER TABLE ONLY public.auth_group_permissions
    ADD CONSTRAINT auth_group_permissions_pkey PRIMARY KEY (id);


--
-- Name: auth_group auth_group_pkey; Type: CONSTRAINT; Schema: public; Owner: khanhking
--

ALTER TABLE ONLY public.auth_group
    ADD CONSTRAINT auth_group_pkey PRIMARY KEY (id);


--
-- Name: auth_permission auth_permission_content_type_id_codename_01ab375a_uniq; Type: CONSTRAINT; Schema: public; Owner: khanhking
--

ALTER TABLE ONLY public.auth_permission
    ADD CONSTRAINT auth_permission_content_type_id_codename_01ab375a_uniq UNIQUE (content_type_id, codename);


--
-- Name: auth_permission auth_permission_pkey; Type: CONSTRAINT; Schema: public; Owner: khanhking
--

ALTER TABLE ONLY public.auth_permission
    ADD CONSTRAINT auth_permission_pkey PRIMARY KEY (id);


--
-- Name: auth_user_groups auth_user_groups_pkey; Type: CONSTRAINT; Schema: public; Owner: khanhking
--

ALTER TABLE ONLY public.auth_user_groups
    ADD CONSTRAINT auth_user_groups_pkey PRIMARY KEY (id);


--
-- Name: auth_user_groups auth_user_groups_user_id_group_id_94350c0c_uniq; Type: CONSTRAINT; Schema: public; Owner: khanhking
--

ALTER TABLE ONLY public.auth_user_groups
    ADD CONSTRAINT auth_user_groups_user_id_group_id_94350c0c_uniq UNIQUE (user_id, group_id);


--
-- Name: auth_user auth_user_pkey; Type: CONSTRAINT; Schema: public; Owner: khanhking
--

ALTER TABLE ONLY public.auth_user
    ADD CONSTRAINT auth_user_pkey PRIMARY KEY (id);


--
-- Name: auth_user_user_permissions auth_user_user_permissions_pkey; Type: CONSTRAINT; Schema: public; Owner: khanhking
--

ALTER TABLE ONLY public.auth_user_user_permissions
    ADD CONSTRAINT auth_user_user_permissions_pkey PRIMARY KEY (id);


--
-- Name: auth_user_user_permissions auth_user_user_permissions_user_id_permission_id_14a6b632_uniq; Type: CONSTRAINT; Schema: public; Owner: khanhking
--

ALTER TABLE ONLY public.auth_user_user_permissions
    ADD CONSTRAINT auth_user_user_permissions_user_id_permission_id_14a6b632_uniq UNIQUE (user_id, permission_id);


--
-- Name: auth_user auth_user_username_key; Type: CONSTRAINT; Schema: public; Owner: khanhking
--

ALTER TABLE ONLY public.auth_user
    ADD CONSTRAINT auth_user_username_key UNIQUE (username);


--
-- Name: django_admin_log django_admin_log_pkey; Type: CONSTRAINT; Schema: public; Owner: khanhking
--

ALTER TABLE ONLY public.django_admin_log
    ADD CONSTRAINT django_admin_log_pkey PRIMARY KEY (id);


--
-- Name: django_content_type django_content_type_app_label_model_76bd3d3b_uniq; Type: CONSTRAINT; Schema: public; Owner: khanhking
--

ALTER TABLE ONLY public.django_content_type
    ADD CONSTRAINT django_content_type_app_label_model_76bd3d3b_uniq UNIQUE (app_label, model);


--
-- Name: django_content_type django_content_type_pkey; Type: CONSTRAINT; Schema: public; Owner: khanhking
--

ALTER TABLE ONLY public.django_content_type
    ADD CONSTRAINT django_content_type_pkey PRIMARY KEY (id);


--
-- Name: django_migrations django_migrations_pkey; Type: CONSTRAINT; Schema: public; Owner: khanhking
--

ALTER TABLE ONLY public.django_migrations
    ADD CONSTRAINT django_migrations_pkey PRIMARY KEY (id);


--
-- Name: django_session django_session_pkey; Type: CONSTRAINT; Schema: public; Owner: khanhking
--

ALTER TABLE ONLY public.django_session
    ADD CONSTRAINT django_session_pkey PRIMARY KEY (session_key);


--
-- Name: main_app_aboutus main_app_aboutus_pkey; Type: CONSTRAINT; Schema: public; Owner: khanhking
--

ALTER TABLE ONLY public.main_app_aboutus
    ADD CONSTRAINT main_app_aboutus_pkey PRIMARY KEY (id);


--
-- Name: main_app_category main_app_category_pkey; Type: CONSTRAINT; Schema: public; Owner: khanhking
--

ALTER TABLE ONLY public.main_app_category
    ADD CONSTRAINT main_app_category_pkey PRIMARY KEY (id);


--
-- Name: main_app_chef main_app_chef_pkey; Type: CONSTRAINT; Schema: public; Owner: khanhking
--

ALTER TABLE ONLY public.main_app_chef
    ADD CONSTRAINT main_app_chef_pkey PRIMARY KEY (id);


--
-- Name: main_app_meal_wines main_app_meal_wines_meal_id_wine_id_204112fc_uniq; Type: CONSTRAINT; Schema: public; Owner: khanhking
--

ALTER TABLE ONLY public.main_app_meal_wines
    ADD CONSTRAINT main_app_meal_wines_meal_id_wine_id_204112fc_uniq UNIQUE (meal_id, wine_id);


--
-- Name: main_app_meal_wines main_app_meal_wines_pkey; Type: CONSTRAINT; Schema: public; Owner: khanhking
--

ALTER TABLE ONLY public.main_app_meal_wines
    ADD CONSTRAINT main_app_meal_wines_pkey PRIMARY KEY (id);


--
-- Name: main_app_meal main_app_meals_pkey; Type: CONSTRAINT; Schema: public; Owner: khanhking
--

ALTER TABLE ONLY public.main_app_meal
    ADD CONSTRAINT main_app_meals_pkey PRIMARY KEY (id);


--
-- Name: main_app_photo main_app_photo_pkey; Type: CONSTRAINT; Schema: public; Owner: khanhking
--

ALTER TABLE ONLY public.main_app_photo
    ADD CONSTRAINT main_app_photo_pkey PRIMARY KEY (id);


--
-- Name: main_app_reservation main_app_reservation_pkey; Type: CONSTRAINT; Schema: public; Owner: khanhking
--

ALTER TABLE ONLY public.main_app_reservation
    ADD CONSTRAINT main_app_reservation_pkey PRIMARY KEY (id);


--
-- Name: main_app_why_choose_us main_app_why_choose_us_pkey; Type: CONSTRAINT; Schema: public; Owner: khanhking
--

ALTER TABLE ONLY public.main_app_why_choose_us
    ADD CONSTRAINT main_app_why_choose_us_pkey PRIMARY KEY (id);


--
-- Name: main_app_wine main_app_wine_pkey; Type: CONSTRAINT; Schema: public; Owner: khanhking
--

ALTER TABLE ONLY public.main_app_wine
    ADD CONSTRAINT main_app_wine_pkey PRIMARY KEY (id);


--
-- Name: auth_group_name_a6ea08ec_like; Type: INDEX; Schema: public; Owner: khanhking
--

CREATE INDEX auth_group_name_a6ea08ec_like ON public.auth_group USING btree (name varchar_pattern_ops);


--
-- Name: auth_group_permissions_group_id_b120cbf9; Type: INDEX; Schema: public; Owner: khanhking
--

CREATE INDEX auth_group_permissions_group_id_b120cbf9 ON public.auth_group_permissions USING btree (group_id);


--
-- Name: auth_group_permissions_permission_id_84c5c92e; Type: INDEX; Schema: public; Owner: khanhking
--

CREATE INDEX auth_group_permissions_permission_id_84c5c92e ON public.auth_group_permissions USING btree (permission_id);


--
-- Name: auth_permission_content_type_id_2f476e4b; Type: INDEX; Schema: public; Owner: khanhking
--

CREATE INDEX auth_permission_content_type_id_2f476e4b ON public.auth_permission USING btree (content_type_id);


--
-- Name: auth_user_groups_group_id_97559544; Type: INDEX; Schema: public; Owner: khanhking
--

CREATE INDEX auth_user_groups_group_id_97559544 ON public.auth_user_groups USING btree (group_id);


--
-- Name: auth_user_groups_user_id_6a12ed8b; Type: INDEX; Schema: public; Owner: khanhking
--

CREATE INDEX auth_user_groups_user_id_6a12ed8b ON public.auth_user_groups USING btree (user_id);


--
-- Name: auth_user_user_permissions_permission_id_1fbb5f2c; Type: INDEX; Schema: public; Owner: khanhking
--

CREATE INDEX auth_user_user_permissions_permission_id_1fbb5f2c ON public.auth_user_user_permissions USING btree (permission_id);


--
-- Name: auth_user_user_permissions_user_id_a95ead1b; Type: INDEX; Schema: public; Owner: khanhking
--

CREATE INDEX auth_user_user_permissions_user_id_a95ead1b ON public.auth_user_user_permissions USING btree (user_id);


--
-- Name: auth_user_username_6821ab7c_like; Type: INDEX; Schema: public; Owner: khanhking
--

CREATE INDEX auth_user_username_6821ab7c_like ON public.auth_user USING btree (username varchar_pattern_ops);


--
-- Name: django_admin_log_content_type_id_c4bce8eb; Type: INDEX; Schema: public; Owner: khanhking
--

CREATE INDEX django_admin_log_content_type_id_c4bce8eb ON public.django_admin_log USING btree (content_type_id);


--
-- Name: django_admin_log_user_id_c564eba6; Type: INDEX; Schema: public; Owner: khanhking
--

CREATE INDEX django_admin_log_user_id_c564eba6 ON public.django_admin_log USING btree (user_id);


--
-- Name: django_session_expire_date_a5c62663; Type: INDEX; Schema: public; Owner: khanhking
--

CREATE INDEX django_session_expire_date_a5c62663 ON public.django_session USING btree (expire_date);


--
-- Name: django_session_session_key_c0390e0f_like; Type: INDEX; Schema: public; Owner: khanhking
--

CREATE INDEX django_session_session_key_c0390e0f_like ON public.django_session USING btree (session_key varchar_pattern_ops);


--
-- Name: main_app_meal_category_id_cb53838d; Type: INDEX; Schema: public; Owner: khanhking
--

CREATE INDEX main_app_meal_category_id_cb53838d ON public.main_app_meal USING btree (category_id);


--
-- Name: main_app_meal_user_id_defe1ffe; Type: INDEX; Schema: public; Owner: khanhking
--

CREATE INDEX main_app_meal_user_id_defe1ffe ON public.main_app_meal USING btree (user_id);


--
-- Name: main_app_meal_wines_meal_id_926db88d; Type: INDEX; Schema: public; Owner: khanhking
--

CREATE INDEX main_app_meal_wines_meal_id_926db88d ON public.main_app_meal_wines USING btree (meal_id);


--
-- Name: main_app_meal_wines_wine_id_24c1fc87; Type: INDEX; Schema: public; Owner: khanhking
--

CREATE INDEX main_app_meal_wines_wine_id_24c1fc87 ON public.main_app_meal_wines USING btree (wine_id);


--
-- Name: main_app_meals_slug_71e3423f; Type: INDEX; Schema: public; Owner: khanhking
--

CREATE INDEX main_app_meals_slug_71e3423f ON public.main_app_meal USING btree (slug);


--
-- Name: main_app_meals_slug_71e3423f_like; Type: INDEX; Schema: public; Owner: khanhking
--

CREATE INDEX main_app_meals_slug_71e3423f_like ON public.main_app_meal USING btree (slug varchar_pattern_ops);


--
-- Name: main_app_photo_meal_id_88657d2e; Type: INDEX; Schema: public; Owner: khanhking
--

CREATE INDEX main_app_photo_meal_id_88657d2e ON public.main_app_photo USING btree (meal_id);


--
-- Name: main_app_reservation_user_id_8597e82f; Type: INDEX; Schema: public; Owner: khanhking
--

CREATE INDEX main_app_reservation_user_id_8597e82f ON public.main_app_reservation USING btree (user_id);


--
-- Name: auth_group_permissions auth_group_permissio_permission_id_84c5c92e_fk_auth_perm; Type: FK CONSTRAINT; Schema: public; Owner: khanhking
--

ALTER TABLE ONLY public.auth_group_permissions
    ADD CONSTRAINT auth_group_permissio_permission_id_84c5c92e_fk_auth_perm FOREIGN KEY (permission_id) REFERENCES public.auth_permission(id) DEFERRABLE INITIALLY DEFERRED;


--
-- Name: auth_group_permissions auth_group_permissions_group_id_b120cbf9_fk_auth_group_id; Type: FK CONSTRAINT; Schema: public; Owner: khanhking
--

ALTER TABLE ONLY public.auth_group_permissions
    ADD CONSTRAINT auth_group_permissions_group_id_b120cbf9_fk_auth_group_id FOREIGN KEY (group_id) REFERENCES public.auth_group(id) DEFERRABLE INITIALLY DEFERRED;


--
-- Name: auth_permission auth_permission_content_type_id_2f476e4b_fk_django_co; Type: FK CONSTRAINT; Schema: public; Owner: khanhking
--

ALTER TABLE ONLY public.auth_permission
    ADD CONSTRAINT auth_permission_content_type_id_2f476e4b_fk_django_co FOREIGN KEY (content_type_id) REFERENCES public.django_content_type(id) DEFERRABLE INITIALLY DEFERRED;


--
-- Name: auth_user_groups auth_user_groups_group_id_97559544_fk_auth_group_id; Type: FK CONSTRAINT; Schema: public; Owner: khanhking
--

ALTER TABLE ONLY public.auth_user_groups
    ADD CONSTRAINT auth_user_groups_group_id_97559544_fk_auth_group_id FOREIGN KEY (group_id) REFERENCES public.auth_group(id) DEFERRABLE INITIALLY DEFERRED;


--
-- Name: auth_user_groups auth_user_groups_user_id_6a12ed8b_fk_auth_user_id; Type: FK CONSTRAINT; Schema: public; Owner: khanhking
--

ALTER TABLE ONLY public.auth_user_groups
    ADD CONSTRAINT auth_user_groups_user_id_6a12ed8b_fk_auth_user_id FOREIGN KEY (user_id) REFERENCES public.auth_user(id) DEFERRABLE INITIALLY DEFERRED;


--
-- Name: auth_user_user_permissions auth_user_user_permi_permission_id_1fbb5f2c_fk_auth_perm; Type: FK CONSTRAINT; Schema: public; Owner: khanhking
--

ALTER TABLE ONLY public.auth_user_user_permissions
    ADD CONSTRAINT auth_user_user_permi_permission_id_1fbb5f2c_fk_auth_perm FOREIGN KEY (permission_id) REFERENCES public.auth_permission(id) DEFERRABLE INITIALLY DEFERRED;


--
-- Name: auth_user_user_permissions auth_user_user_permissions_user_id_a95ead1b_fk_auth_user_id; Type: FK CONSTRAINT; Schema: public; Owner: khanhking
--

ALTER TABLE ONLY public.auth_user_user_permissions
    ADD CONSTRAINT auth_user_user_permissions_user_id_a95ead1b_fk_auth_user_id FOREIGN KEY (user_id) REFERENCES public.auth_user(id) DEFERRABLE INITIALLY DEFERRED;


--
-- Name: django_admin_log django_admin_log_content_type_id_c4bce8eb_fk_django_co; Type: FK CONSTRAINT; Schema: public; Owner: khanhking
--

ALTER TABLE ONLY public.django_admin_log
    ADD CONSTRAINT django_admin_log_content_type_id_c4bce8eb_fk_django_co FOREIGN KEY (content_type_id) REFERENCES public.django_content_type(id) DEFERRABLE INITIALLY DEFERRED;


--
-- Name: django_admin_log django_admin_log_user_id_c564eba6_fk_auth_user_id; Type: FK CONSTRAINT; Schema: public; Owner: khanhking
--

ALTER TABLE ONLY public.django_admin_log
    ADD CONSTRAINT django_admin_log_user_id_c564eba6_fk_auth_user_id FOREIGN KEY (user_id) REFERENCES public.auth_user(id) DEFERRABLE INITIALLY DEFERRED;


--
-- Name: main_app_meal main_app_meal_category_id_cb53838d_fk_main_app_category_id; Type: FK CONSTRAINT; Schema: public; Owner: khanhking
--

ALTER TABLE ONLY public.main_app_meal
    ADD CONSTRAINT main_app_meal_category_id_cb53838d_fk_main_app_category_id FOREIGN KEY (category_id) REFERENCES public.main_app_category(id) DEFERRABLE INITIALLY DEFERRED;


--
-- Name: main_app_meal main_app_meal_user_id_defe1ffe_fk_auth_user_id; Type: FK CONSTRAINT; Schema: public; Owner: khanhking
--

ALTER TABLE ONLY public.main_app_meal
    ADD CONSTRAINT main_app_meal_user_id_defe1ffe_fk_auth_user_id FOREIGN KEY (user_id) REFERENCES public.auth_user(id) DEFERRABLE INITIALLY DEFERRED;


--
-- Name: main_app_meal_wines main_app_meal_wines_meal_id_926db88d_fk_main_app_meal_id; Type: FK CONSTRAINT; Schema: public; Owner: khanhking
--

ALTER TABLE ONLY public.main_app_meal_wines
    ADD CONSTRAINT main_app_meal_wines_meal_id_926db88d_fk_main_app_meal_id FOREIGN KEY (meal_id) REFERENCES public.main_app_meal(id) DEFERRABLE INITIALLY DEFERRED;


--
-- Name: main_app_meal_wines main_app_meal_wines_wine_id_24c1fc87_fk_main_app_wine_id; Type: FK CONSTRAINT; Schema: public; Owner: khanhking
--

ALTER TABLE ONLY public.main_app_meal_wines
    ADD CONSTRAINT main_app_meal_wines_wine_id_24c1fc87_fk_main_app_wine_id FOREIGN KEY (wine_id) REFERENCES public.main_app_wine(id) DEFERRABLE INITIALLY DEFERRED;


--
-- Name: main_app_photo main_app_photo_meal_id_88657d2e_fk_main_app_meal_id; Type: FK CONSTRAINT; Schema: public; Owner: khanhking
--

ALTER TABLE ONLY public.main_app_photo
    ADD CONSTRAINT main_app_photo_meal_id_88657d2e_fk_main_app_meal_id FOREIGN KEY (meal_id) REFERENCES public.main_app_meal(id) DEFERRABLE INITIALLY DEFERRED;


--
-- Name: main_app_reservation main_app_reservation_user_id_8597e82f_fk_auth_user_id; Type: FK CONSTRAINT; Schema: public; Owner: khanhking
--

ALTER TABLE ONLY public.main_app_reservation
    ADD CONSTRAINT main_app_reservation_user_id_8597e82f_fk_auth_user_id FOREIGN KEY (user_id) REFERENCES public.auth_user(id) DEFERRABLE INITIALLY DEFERRED;


--
-- PostgreSQL database dump complete
--

